{"average_reward": -1.3, "average_food_collected": 0.0, "epoch": 1, "_timestamp": 1721183499.54565, "_runtime": 11.683248043060303, "_step": 0}