{"average_reward": -1.225, "average_food_collected": 0.0, "epoch": 2, "_timestamp": 1721183592.4552934, "_runtime": 21.456705331802368, "_step": 0}